"CONTA_CONTABIL";"DESCRICAO";"TIPO_CONTA";"PATR_RESULT";"GERA_CUSTOS";"NIVEL";"COD_REDUZIDO";"CC_MAE";"DEBITO_CREDITO";"INDICADOR_NATU";"INDIC_NATU_SPED"
"1";"ATIVO";2;1;2;1;1;"9";"D";"1";"1"
"1.1";"ATIVO CIRCULANTE";2;1;2;2;2;"1";"D";"1";"1"
"1.1.1";"DISPONIBILIDADES";2;1;2;3;3;"1.1";"D";"1";"1"
"1.1.1.01";"CAIXA GERAL";2;1;2;4;4;"1.1.1";"D";"1";"1"
"1.1.1.01.0001";"CAIXA MATRIZ";1;1;2;5;5;"1.1.1.01";"D";"1";"1"
"1.1.1.01.0002";"CAIXA FILIAL";1;1;2;5;6;"1.1.1.01";"D";"1";"1"
"1.1.1.02";"BANCOS C/MOVIMENTO";2;1;2;4;7;"1.1.1";"D";"1";"1"
"1.1.1.02.4001";"BCO.BRADESCO C/C 59000-2";1;1;2;5;8;"1.1.1.02";"D";"1";"1"
"1.1.1.02.4002";"BCO.BRADESCO C/C 59001-0";1;1;2;5;9;"1.1.1.02";"D";"1";"1"
"1.1.1.02.4003";"BCO.BRASIL C/C 36036-8";1;1;2;5;10;"1.1.1.02";"D";"1";"1"
"1.1.1.02.4004";"BCO.BRADESCO C/C 59002-9";1;1;2;5;11;"1.1.1.02";"D";"1";"1"
"1.1.1.02.4090";"BCO.ITAU C/C 09200-4";1;1;2;5;12;"1.1.1.02";"D";"1";"1"
"1.1.1.02.4091";"BCO.VOTORANTIM C/C 232646901-9";1;1;2;5;13;"1.1.1.02";"D";"1";"1"
"1.1.1.02.4005";"BCO.BRADESCO C/C 1476-1";1;1;2;5;14;"1.1.1.02";"D";"1";"1"
"1.1.1.03";"APLICACOES FINANCEIRAS";2;1;2;4;15;"1.1.1";"D";"1";"1"
"1.1.1.03.0001";"BRASILPREV";1;1;2;5;16;"1.1.1.03";"D";"1";"1"
"1.1.1.03.0002";"TITULO CAP. BRADESCO C/C 59000-2";1;1;2;5;17;"1.1.1.03";"D";"1";"1"
"1.1.1.03.0003";"CDB  BRADESCO C/C 59000-2";1;1;2;5;18;"1.1.1.03";"D";"1";"1"
"1.1.1.03.0004";"CTA/APL AUTOMATIVAS ITAU /C/ 09200-4";1;1;2;5;19;"1.1.1.03";"D";"1";"1"
"1.1.1.03.0005";"APLICACAO EM PAPEIS";1;1;2;5;20;"1.1.1.03";"D";"1";"1"
"1.1.2";"DIREITOS REALIZAVEIS A CURTO PRAZO";2;1;2;3;21;"1.1";"D";"1";"1"
"1.1.2.01";"CONTAS A RECEBER DE CLIENTES";2;1;2;4;22;"1.1.2";"D";"1";"1"
"1.1.2.01.0009";"CARTAO DE DEBITO A RECEBER";1;1;2;5;23;"1.1.2.01";"D";"1";"1"
"1.1.2.01.0001";"DUPLICATAS A RECEBER";1;1;2;5;24;"1.1.2.01";"D";"1";"1"
"1.1.2.01.0002";"DUPLICATAS DESCONTADAS";1;1;2;5;25;"1.1.2.01";"D";"1";"1"
"1.1.2.01.0010";"CARTAO DE CREDITO A RECEBER";1;1;2;5;26;"1.1.2.01";"D";"1";"1"
"1.1.2.01.0099";"PROVISAO P/DEVEDORES DUVIDOSOS";1;1;2;5;27;"1.1.2.01";"D";"1";"1"
"1.1.2.02";"TITULOS E VALORES MOBILIARIOS";2;1;2;4;28;"1.1.2";"D";"1";"1"
"1.1.2.03";"ADIANTAMENTO A FUNCIONARIOS";2;1;2;4;29;"1.1.2";"D";"1";"1"
"1.1.2.03.0001";"ADIANTAMENTO DE SALARIOS";1;1;2;5;30;"1.1.2.03";"D";"1";"1"
"1.1.2.03.0002";"ADIANTAMENTO DE FERIAS";1;1;2;5;31;"1.1.2.03";"D";"1";"1"
"1.1.2.03.0003";"ADIANTAMENTO DE 13.SALARIO";1;1;2;5;32;"1.1.2.03";"D";"1";"1"
"1.1.2.03.0009";"ADIANTAMENTO DE PENSAO ALIMENTICIA";1;1;2;5;33;"1.1.2.03";"D";"1";"1"
"1.1.2.03.0010";"EMPRESTIMOS A FUNCIONARIOS";1;1;2;5;34;"1.1.2.03";"D";"1";"1"
"1.1.2.04";"IMPOSTOS A COMPENSAR E RECUPERAR";2;1;2;4;35;"1.1.2";"D";"1";"1"
"1.1.2.04.0001";"ICMS A RECUPERAR";1;1;2;5;36;"1.1.2.04";"D";"1";"1"
"1.1.2.04.0015";"PIS A RECUPERAR";1;1;2;5;37;"1.1.2.04";"D";"1";"1"
"1.1.2.04.0016";"CREDITO PRESUMIDO DE PIS";1;1;2;5;38;"1.1.2.04";"D";"1";"1"
"1.1.2.04.0017";"RECUPERACAO DE PIS";1;1;2;5;39;"1.1.2.04";"D";"1";"1"
"1.1.2.04.0018";"PIS RETIDO NA FONTE";1;1;2;5;40;"1.1.2.04";"D";"1";"1"
"1.1.2.04.0005";"ISS A RECUPERAR";1;1;2;5;41;"1.1.2.04";"D";"1";"1"
"1.1.2.04.0021";"CREDITO PRESUMIDO DE COFINS";1;1;2;5;42;"1.1.2.04";"D";"1";"1"
"1.1.2.04.0022";"RECUPERACAO DE COFINS";1;1;2;5;43;"1.1.2.04";"D";"1";"1"
"1.1.2.04.0023";"COFINS RETIDO NA FONTE";1;1;2;5;44;"1.1.2.04";"D";"1";"1"
"1.1.2.04.0025";"IRRF S/RECEITA";1;1;2;5;45;"1.1.2.04";"D";"1";"1"
"1.1.2.04.0020";"COFINS A RECUPERAR";1;1;2;5;46;"1.1.2.04";"D";"1";"1"
"1.1.2.04.0009";"INSS A RECUPERAR";1;1;2;5;47;"1.1.2.04";"D";"1";"1"
"1.1.2.04.0010";"INSS RETIDO NA FONTE";1;1;2;5;48;"1.1.2.04";"D";"1";"1"
"1.1.2.04.0013";"IPI A RECUPERAR";1;1;2;5;49;"1.1.2.04";"D";"1";"1"
"1.1.2.04.0014";"SIMPLES A RECUPERAR";1;1;2;5;50;"1.1.2.04";"D";"1";"1"
"1.1.2.04.0030";"IRPJ S/ESTIMATIVA";1;1;2;5;51;"1.1.2.04";"D";"1";"1"
"1.1.2.04.0035";"CSLL S/ESTIMATIVA";1;1;2;5;52;"1.1.2.04";"D";"1";"1"
"1.1.2.04.0036";"CSLL RETIDA NA FONTE";1;1;2;5;53;"1.1.2.04";"D";"1";"1"
"1.1.2.04.0050";"IMPOSTOS A RECUPERAR";1;1;2;5;54;"1.1.2.04";"D";"1";"1"
"1.1.2.04.0049";"INSS A RECUPERAR";1;1;2;5;55;"1.1.2.04";"D";"1";"1"
"1.1.2.04.0042";"PAEX A COMPENSAR - MP 303/06";1;1;2;5;56;"1.1.2.04";"D";"1";"1"
"1.1.2.04.0051";"CREDITO IRPJ - ATE 1999";1;1;2;5;57;"1.1.2.04";"D";"1";"1"
"1.1.2.04.0052";"CREDITO CSLL - ATE 1999";1;1;2;5;58;"1.1.2.04";"D";"1";"1"
"1.1.2.04.0053";"CREDITO IRPJ - 2000";1;1;2;5;59;"1.1.2.04";"D";"1";"1"
"1.1.2.04.0054";"CREDITO CSLL - 2000";1;1;2;5;60;"1.1.2.04";"D";"1";"1"
"1.1.2.04.0055";"CREDITO IRPJ - 2001";1;1;2;5;61;"1.1.2.04";"D";"1";"1"
"1.1.2.04.0056";"CREDITO CSLL - 2001";1;1;2;5;62;"1.1.2.04";"D";"1";"1"
"1.1.2.04.0057";"CREDITO IRPJ - 2002";1;1;2;5;63;"1.1.2.04";"D";"1";"1"
"1.1.2.04.0058";"CREDITO CSLL - 2002";1;1;2;5;64;"1.1.2.04";"D";"1";"1"
"1.1.2.04.0059";"CREDITO IRPJ - 2003";1;1;2;5;65;"1.1.2.04";"D";"1";"1"
"1.1.2.04.0060";"CREDITO CSLL - 2003";1;1;2;5;66;"1.1.2.04";"D";"1";"1"
"1.1.2.04.0061";"CREDITO IRPJ - 2004";1;1;2;5;67;"1.1.2.04";"D";"1";"1"
"1.1.2.04.0062";"CREDITO CSLL - 2004";1;1;2;5;68;"1.1.2.04";"D";"1";"1"
"1.1.2.04.0007";"IMPOSTO RETIDO LEI 10.833/03";1;1;2;5;69;"1.1.2.04";"D";"1";"1"
"1.1.2.04.0006";"RETENCAO DE ORGAO PUBLICO";1;1;2;5;70;"1.1.2.04";"D";"1";"1"
"1.1.2.04.0040";"REFIS A COMPENSAR - LEI 10.684/03";1;1;2;5;71;"1.1.2.04";"D";"1";"1"
"1.1.2.05";"ADIANTAMENTOS DIVERSOS";2;1;2;4;72;"1.1.2";"D";"1";"1"
"1.1.2.05.0005";"ADIANTAMENTO DE VALE TRANSPORTE";1;1;2;5;73;"1.1.2.05";"D";"1";"1"
"1.1.2.05.0001";"ADIANTAMENTO A FORNECEDOR";1;1;2;5;74;"1.1.2.05";"D";"1";"1"
"1.1.2.05.0002";"ADIANTAMENTO A FORNECEDOR ESTRANGEIRO";1;1;2;5;75;"1.1.2.05";"D";"1";"1"
"1.1.2.05.0003";"ADIANTAMENTO P/IMPORTACAO";1;1;2;5;76;"1.1.2.05";"D";"1";"1"
"1.1.2.05.0090";"ADIANTAMENTO DA DISTRIBUICAO DO LUCRO";1;1;2;5;77;"1.1.2.05";"D";"1";"1"
"1.1.2.05.0099";"OUTROS ADIANTAMENTOS";1;1;2;5;78;"1.1.2.05";"D";"1";"1"
"1.1.2.05.0091";"ADIANTAMENTO SOCIO RICARDO";1;1;2;5;79;"1.1.2.05";"D";"1";"1"
"1.1.2.06";"OUTROS DIREITOS CIRCULANTES";2;1;2;4;80;"1.1.2";"D";"1";"1"
"1.1.2.06.0001";"CAUCOES E RETENCOES";1;1;2;5;81;"1.1.2.06";"D";"1";"1"
"1.1.2.06.0002";"DEPOSITOS JUDICIAIS/ BLOQUEIOS";1;1;2;5;82;"1.1.2.06";"D";"1";"1"
"1.1.2.06.0004";"DEPOSITOS GARANTIA";1;1;2;5;83;"1.1.2.06";"D";"1";"1"
"1.1.2.06.0005";"DIREITOS S/VALORES EM CONSIGNACAO";1;1;2;5;84;"1.1.2.06";"D";"1";"1"
"1.1.2.06.0006";"ALUGUEIS A RECEBER";1;1;2;5;85;"1.1.2.06";"D";"1";"1"
"1.1.2.06.0099";"OUTRAS CONTAS A RECEBER";1;1;2;5;86;"1.1.2.06";"D";"1";"1"
"1.1.2.06.0007";"BENS EM COMODATO";1;1;2;5;87;"1.1.2.06";"D";"1";"1"
"1.1.2.06.0003";"CHEQUES DEVOLVIDOS";1;1;2;5;88;"1.1.2.06";"D";"1";"1"
"1.1.2.07";"CONTAS CORRENTES";2;1;2;4;89;"1.1.2";"D";"1";"1"
"1.1.2.07.0099";"C/C ENCERRAMENTO/ABERTURA DE SALDO";1;1;2;5;90;"1.1.2.07";"D";"1";"1"
"1.1.2.07.0001";"C/C MATRIZ/FILIAL";1;1;2;5;91;"1.1.2.07";"D";"1";"1"
"1.1.2.07.0002";"C/C CLIENTES";1;1;2;5;92;"1.1.2.07";"D";"1";"1"
"1.1.3";"ESTOQUES";2;1;2;3;93;"1.1";"D";"1";"1"
"1.1.3.01";"MERCADORIAS P/REVENDA";2;1;2;4;94;"1.1.3";"D";"1";"1"
"1.1.3.01.0001";"MEIAS FORNECEDOR 1";1;1;2;5;95;"1.1.3.01";"D";"1";"1"
"1.1.3.01.0002";"MEIAS FORNECEDOR 2";1;1;2;5;96;"1.1.3.01";"D";"1";"1"
"1.1.3.01.0003";"ESTOQUE FINAL MERCADORIAS";1;1;2;5;97;"1.1.3.01";"D";"1";"1"
"1.1.3.02";"MATERIAS PRIMAS ";2;1;2;4;98;"1.1.3";"D";"1";"1"
"1.1.3.02.0001";"TECIDO – MP DIRETA";1;1;2;5;99;"1.1.3.02";"D";"1";"1"
"1.1.3.02.0002";"FIO TECELAGEM  – MP DIRETA";1;1;2;5;100;"1.1.3.02";"D";"1";"1"
"1.1.3.02.0003";"ELASTICO – MAT. PRIMA ";1;1;2;5;101;"1.1.3.02";"D";"1";"1"
"1.1.3.02.0004";"ETIQUETA – MP  ACESSORIOS";1;1;2;5;102;"1.1.3.02";"D";"1";"1"
"1.1.3.02.0005";"EMBALAGEM  - MP ACESSORIOS";1;1;2;5;103;"1.1.3.02";"D";"1";"1"
"1.1.3.02.0006";"LINHA/ FIO  - MP ACESSORIOS";1;1;2;5;104;"1.1.3.02";"D";"1";"1"
"1.1.3.02.0010";"ESTOQUE FINAL MATERIA PRIMA";1;1;2;5;105;"1.1.3.02";"D";"1";"1"
"1.1.3.03";"MATERIA PRIMAS GRANDES ";2;1;2;4;106;"1.1.3";"D";"1";"1"
"1.1.3.03.0001";"ETIQUETAS – GRANDES CLIENTES";1;1;2;5;107;"1.1.3.03";"D";"1";"1"
"1.1.3.03.0002";"CABIDES – GRANDES CLIENTES ";1;1;2;5;108;"1.1.3.03";"D";"1";"1"
"1.1.3.03.0003";"EMBALAGEM – GRANDES CLIENTES ";1;1;2;5;109;"1.1.3.03";"D";"1";"1"
"1.1.3.03.0004";"ALARME – GRANDES CLIENTES ";1;1;2;5;110;"1.1.3.03";"D";"1";"1"
"1.1.3.03.0010";"ESTOQUE FINAL MP GRANDES CLIENTES ";1;1;2;5;111;"1.1.3.03";"D";"1";"1"
"1.1.3.04";"MP – INDIRETOS ";2;1;2;4;112;"1.1.3";"D";"1";"1"
"1.1.3.04.0001";"MP – INDIRETOS  EXPEDICAO";1;1;2;5;113;"1.1.3.04";"D";"1";"1"
"1.1.3.03.0010";"ESTOQUE FINAL MP DIRETO ";1;1;2;5;114;"1.1.3.03";"D";"1";"1"
"1.1.3.05";"MP – EM ELABORACAO ";2;1;2;4;115;"1.1.3";"D";"1";"1"
"1.1.3.05.0001";"TECIDO – MP DIRETA";1;1;2;5;116;"1.1.3.05";"D";"1";"1"
"1.1.3.05.0002";"FIO TECELAGEM  – MP DIRETA";1;1;2;5;117;"1.1.3.05";"D";"1";"1"
"1.1.3.05.0003";"ELASTICO – MAT. PRIMA ";1;1;2;5;118;"1.1.3.05";"D";"1";"1"
"1.1.3.05.0004";"ETIQUETA – MP  ACESSORIOS";1;1;2;5;119;"1.1.3.05";"D";"1";"1"
"1.1.3.05.0005";"EMBALAGEM  - MP ACESSORIOS";1;1;2;5;120;"1.1.3.05";"D";"1";"1"
"1.1.3.05.0006";"LINHA/ FIO  - MP ACESSORIOS";1;1;2;5;121;"1.1.3.05";"D";"1";"1"
"1.1.3.06";"MP – EM ELABORACAO – GRANDES CLIENTES ";2;1;2;4;122;"1.1.3";"D";"1";"1"
"1.1.3.06.0001";"ETIQUETAS – GRANDES CLIENTES";1;1;2;5;123;"1.1.3.06";"D";"1";"1"
"1.1.3.06.0002";"CABIDES – GRANDES CLIENTES ";1;1;2;5;124;"1.1.3.06";"D";"1";"1"
"1.1.3.06.0003";"EMBALAGEM – GRANDES CLIENTES ";1;1;2;5;125;"1.1.3.06";"D";"1";"1"
"1.1.3.06.0004";"ALARME – GRANDES CLIENTES ";1;1;2;5;126;"1.1.3.06";"D";"1";"1"
"1.1.3.07";"ESTOQUE PRODUTOS SEMI ACABADOS – MD";2;1;2;4;127;"1.1.3";"D";"1";"1"
"1.1.3.07.0001";"SEMI ACABADO – MD – 1ª QUALIDADE ";1;1;2;5;128;"1.1.3.07";"D";"1";"1"
"1.1.3.07.0002";"SEMI ACABADO – MD – 2ª QUALIDADE ";1;1;2;5;129;"1.1.3.07";"D";"1";"1"
"1.1.3.07.0005";"ESTOQUE FINAL DE PRODUTOS SEMI ACABADOS";1;1;2;5;130;"1.1.3.07";"D";"1";"1"
"1.1.3.08";"ESTOQUE PRODUTOS ACABADOS – PA";2;1;2;4;131;"1.1.3";"D";"1";"1"
"1.1.3.08.0001";"ACABADO – PA – 1ª QUALIDADE ";1;1;2;5;132;"1.1.3.08";"D";"1";"1"
"1.1.3.08.0002";"ACABADO – PA – 2ª QUALIDADE ";1;1;2;5;133;"1.1.3.08";"D";"1";"1"
"1.1.3.08.0003";"ESTOQUE FINAL DE PRODUTOS ACABADOS";1;1;2;5;134;"1.1.3.08";"D";"1";"1"
"1.1.3.09";"OLEOS E COMBUSTÌVEIS";2;1;2;4;135;"1.1.3";"D";"1";"1"
"1.1.3.09.0001";"OLEOS E COMBUSTIVEIS - PRODUCAO";1;1;2;5;136;"1.1.3.09";"D";"1";"1"
"1.1.3.09.0002";"OLEOS E COMBUSTIVEIS – TECELAGEM";1;1;2;5;137;"1.1.3.09";"D";"1";"1"
"1.1.3.09.0003";"ESTOQUE FINAL OLEOS E COMBUSTIVEIS";1;1;2;5;138;"1.1.3.09";"D";"1";"1"
"1.1.3.10";"MATERIAL DE CONSUMO – PRODUCAO ";2;1;2;4;139;"1.1.3";"D";"1";"1"
"1.1.3.10.0001";"MATERIAL DE CONSUMO PRODUCAO ";1;1;2;5;140;"1.1.3.10";"D";"1";"1"
"1.1.3.10.0002";"MATERIAL DE CONSUMO PRODUCAO MANUT. ";1;1;2;5;141;"1.1.3.10";"D";"1";"1"
"1.1.3.10.0003";"ESTOQUE FINAL DE CONSUMO PRODUCAO ";1;1;2;5;142;"1.1.3.10";"D";"1";"1"
"1.1.3.11";"MATERIAL DE CONSUMO – TECELAGEM ";2;1;2;4;143;"1.1.3";"D";"1";"1"
"1.1.3.11.0001";"MATERIAL DE CONSUMO TECELAGEM ";1;1;2;5;144;"1.1.3.11";"D";"1";"1"
"1.1.3.11.0002";"MATERIAL DE CONSUMO TECELAGEM MANAUT.";1;1;2;5;145;"1.1.3.11";"D";"1";"1"
"1.1.3.11.0003";"ESTOQUE FINAL DE CONSUMO DA TECELAGEM ";1;1;2;5;146;"1.1.3.11";"D";"1";"1"
"1.1.3.12";"MATERIAL DE CONSUMO PREDIAL INSTALACOES ";2;1;2;4;147;"1.1.3";"D";"1";"1"
"1.1.3.12.0001";"MATERIAL DE CONSUMO PREDIAL ";1;1;2;5;148;"1.1.3.12";"D";"1";"1"
"1.1.3.12.0002";"MATERIAL DE CONSUMO INSTALACOES";1;1;2;5;149;"1.1.3.12";"D";"1";"1"
"1.1.3.12.0003";"ESTOQUE FINAL CONSUMO PREDIAL INSTALAC.";1;1;2;5;150;"1.1.3.12";"D";"1";"1"
"1.1.3.13";"MATERIAL DE CONSUMO PREDIAL INSTALACOES ";2;1;2;4;151;"1.1.3";"D";"1";"1"
"1.1.3.13.0001";"MATERIAL DE CONSUMO PREDIAL ";1;1;2;5;152;"1.1.3.13";"D";"1";"1"
"1.1.3.13.0002";"MATERIAL DE CONSUMO INSTALACOES";1;1;2;5;153;"1.1.3.13";"D";"1";"1"
"1.1.3.13.0003";"ESTOQUE FINAL CONSUMO PREDIAL INSTALAC.";1;1;2;5;154;"1.1.3.13";"D";"1";"1"
"1.1.3.14";"MATERIAL DE CONSUMO ADM / OUTROS";2;1;2;4;155;"1.1.3";"D";"1";"1"
"1.1.3.14.0001";"MATERIAL DE CONSUMO ADM";1;1;2;5;156;"1.1.3.14";"D";"1";"1"
"1.1.3.14.0002";"MATERIAL DE CONSUMO INSTALACOES";1;1;2;5;157;"1.1.3.14";"D";"1";"1"
"1.1.3.14.0003";"ESTOQUE FINAL CONSUMO PREDIAL INSTALAC.";1;1;2;5;158;"1.1.3.14";"D";"1";"1"
"1.1.3.14.0004";"ESTOQUE FINAL MATERIAL DE CONSUMO";1;1;2;5;159;"1.1.3.14";"D";"1";"1"
"1.1.4";"DESPESAS DO EXERCICIO SEGUINTE";2;1;2;3;160;"1.1";"D";"1";"1"
"1.1.4.01";"DESPESAS ANTECIPADAS";2;1;2;4;161;"1.1.4";"D";"1";"1"
"1.1.4.01.0004";"ADIANT. IMPOSTOS PARCELADOS FED EST MUN";1;1;2;5;162;"1.1.4.01";"D";"1";"1"
"1.1.4.01.0001";"PREMIO DE SEGUROS A APROPRIAR";1;1;2;5;163;"1.1.4.01";"D";"1";"1"
"1.1.4.01.0002";"JUROS A APROPRIAR";1;1;2;5;164;"1.1.4.01";"D";"1";"1"
"1.1.4.01.0003";"DIVIDA DE IMPOSTOS A APROPRIAR";1;1;2;5;165;"1.1.4.01";"D";"1";"1"
"1.2";"REALIZAVEL A LONGO PRAZO";2;1;2;2;166;"1";"D";"1";"1"
"1.2.1";"CREDITOS A LONGO PRAZO";2;1;2;3;167;"1.2";"D";"1";"1"
"1.2.1.01";"CREDITOS C/PESSOAS LIGADAS - PF/PJ";2;1;2;4;168;"1.2.1";"D";"1";"1"
"1.2.1.01.0011";"CREDITOS C/SOCIO A";1;1;2;5;169;"1.2.1.01";"D";"1";"1"
"1.2.1.01.0012";"CREDITOS C/SOCIO B";1;1;2;5;170;"1.2.1.01";"D";"1";"1"
"1.2.1.01.0013";"CREDITOS C/SOCIO C";1;1;2;5;171;"1.2.1.01";"D";"1";"1"
"1.2.1.01.0001";"CREDITOS C/COLIGADAS/CONTROLADAS";1;1;2;5;172;"1.2.1.01";"D";"1";"1"
"1.2.1.01.0002";"CREDITOS C/EMPRESAS DO GRUPO";1;1;2;5;173;"1.2.1.01";"D";"1";"1"
"1.2.1.02";"CONSORCIOS";2;1;2;4;174;"1.2.1";"D";"1";"1"
"1.2.1.02.0001";"CONSORCIO BRADESCO C/C 59000 - 2";1;1;2;5;175;"1.2.1.02";"D";"1";"1"
"1.2.1.03";"VALOR RESIDUAL GARANTIDO";2;1;2;4;176;"1.2.1";"D";"1";"1"
"1.2.1.03.0001";"VRG LEASING BRADESCO";1;1;2;5;177;"1.2.1.03";"D";"1";"1"
"1.2.1.09";"OUTROS DIREITOS A LONGO PRAZO";2;1;2;4;178;"1.2.1";"D";"1";"1"
"1.5";"ATIVO PERMANENTE";2;1;2;2;179;"1";"D";"1";"1"
"1.5.1";"INVESTIMENTOS";2;1;2;3;180;"1.5";"D";"1";"1"
"1.5.1.01";"PARTICIPACOES SOCIETARIAS";2;1;2;4;181;"1.5.1";"D";"1";"1"
"1.5.1.01.0001";"PARTICIPACAO EMPRESA A";1;1;2;5;182;"1.5.1.01";"D";"1";"1"
"1.5.1.02";"INCENTIVOS FISCAIS";2;1;2;4;183;"1.5.1";"D";"1";"1"
"1.5.1.02.0001";"INCENTIVOS FISCAIS";1;1;2;5;184;"1.5.1.02";"D";"1";"1"
"1.5.1.03";"IMOVEIS PARA RENDA";2;1;2;4;185;"1.5.1";"D";"1";"1"
"1.5.1.03.0001";"EDIFICACOES PARA RENDA";1;1;2;5;186;"1.5.1.03";"D";"1";"1"
"1.5.1.04";"TERRENOS E IMOVEIS PARA EXPANSAO";2;1;2;4;187;"1.5.1";"D";"1";"1"
"1.5.1.04.0001";"EDIFICACOES PARA EXPANSAO";1;1;2;5;188;"1.5.1.04";"D";"1";"1"
"1.5.1.04.0002";"TERRENOS PARA EXPANSAO";1;1;2;5;189;"1.5.1.04";"D";"1";"1"
"1.5.1.05";"OUTROS INVESTIMENTOS PERMANENTES";2;1;2;4;190;"1.5.1";"D";"1";"1"
"1.5.1.06";"AGIO EM INVESTIMENTOS";2;1;2;4;191;"1.5.1";"D";"1";"1"
"1.5.1.07";"DESAGIO EM INVESTIMENTOS";2;1;2;4;192;"1.5.1";"D";"1";"1"
"1.5.1.09";"CORR.MONET.ESPECIAL (LEI NO. 8200/91)";2;1;2;4;193;"1.5.1";"D";"1";"1"
"1.5.2";"IMOBILIZADO";2;1;2;3;194;"1.5";"D";"1";"1"
"1.5.2.01";"IMOBILIZACOES DIVERSAS";2;1;2;4;195;"1.5.2";"D";"1";"1"
"1.5.2.01.0031";"ADIANTAMENTOS DE CONSORCIO";1;1;2;5;196;"1.5.2.01";"D";"1";"1"
"1.5.2.01.0008";"LANCHA CABINADA";1;1;2;5;197;"1.5.2.01";"D";"1";"1"
"1.5.2.01.0001";"TERRENOS";1;1;2;5;198;"1.5.2.01";"D";"1";"1"
"1.5.2.01.0002";"EDIFICACOES";1;1;2;5;199;"1.5.2.01";"D";"1";"1"
"1.5.2.01.0003";"BENFEITORIAS";1;1;2;5;200;"1.5.2.01";"D";"1";"1"
"1.5.2.01.0004";"INSTALACOES";1;1;2;5;201;"1.5.2.01";"D";"1";"1"
"1.5.2.01.0005";"MAQUINAS E EQUIPAMENTOS";1;1;2;5;202;"1.5.2.01";"D";"1";"1"
"1.5.2.01.0006";"MOVEIS E UTENSILIOS";1;1;2;5;203;"1.5.2.01";"D";"1";"1"
"1.5.2.01.0007";"VEICULOS";1;1;2;5;204;"1.5.2.01";"D";"1";"1"
"1.5.2.01.0009";"MAQUINARIOS INDUSTRIAIS";1;1;2;5;205;"1.5.2.01";"D";"1";"1"
"1.5.2.01.0010";"EQUIPAMENTOS DE COMUNICACAO";1;1;2;5;206;"1.5.2.01";"D";"1";"1"
"1.5.2.01.0011";"DIREITO DE USO DE SOFTWARE";1;1;2;5;207;"1.5.2.01";"D";"1";"1"
"1.5.2.01.0012";"DIREITO DE USO DE TELEFONES";1;1;2;5;208;"1.5.2.01";"D";"1";"1"
"1.5.2.01.0013";"EQUIPAMENTOS DE INFORMATICA";1;1;2;5;209;"1.5.2.01";"D";"1";"1"
"1.5.2.01.0014";"FERRAMENTAS/EQUIPAMENTOS";1;1;2;5;210;"1.5.2.01";"D";"1";"1"
"1.5.2.01.0029";"DIREITOS AUTORAIS";1;1;2;5;211;"1.5.2.01";"D";"1";"1"
"1.5.2.01.0030";"MARCAS E PATENTES";1;1;2;5;212;"1.5.2.01";"D";"1";"1"
"1.5.2.02";"DEPRECIACOES ACUMULADAS";2;1;2;4;213;"1.5.2";"D";"1";"1"
"1.5.2.02.0002";"DEP. EDIFICACOES";1;1;2;5;214;"1.5.2.02";"D";"1";"1"
"1.5.2.02.0003";"DEP. BENFEITORIAS";1;1;2;5;215;"1.5.2.02";"D";"1";"1"
"1.5.2.02.0004";"DEP. INSTALACOES";1;1;2;5;216;"1.5.2.02";"D";"1";"1"
"1.5.2.02.0005";"DEP. MAQUINAS E EQUIPAMENTOS";1;1;2;5;217;"1.5.2.02";"D";"1";"1"
"1.5.2.02.0006";"DEP. MOVEIS E UTENSILIOS";1;1;2;5;218;"1.5.2.02";"D";"1";"1"
"1.5.2.02.0007";"DEP. VEICULOS";1;1;2;5;219;"1.5.2.02";"D";"1";"1"
"1.5.2.02.0009";"DEP. MAQUINARIOS INDUSTRIAIS";1;1;2;5;220;"1.5.2.02";"D";"1";"1"
"1.5.2.02.0013";"DEP. EQUIPAMENTOS DE INFORMATICA";1;1;2;5;221;"1.5.2.02";"D";"1";"1"
"1.5.2.02.0014";"DEP. FERRAMENTAS / EQUIPAMENTOS";1;1;2;5;222;"1.5.2.02";"D";"1";"1"
"1.5.2.02.0011";"DEP. DE SOFTWARE";1;1;2;5;223;"1.5.2.02";"D";"1";"1"
"1.5.2.02.0010";"DEP. EQUIPAMENTOS DE COMUNICACAO";1;1;2;5;224;"1.5.2.02";"D";"1";"1"
"1.5.2.03";"IMOBIL. DIVS. CM ESP. ART 3 LEI 8200/91";2;1;2;4;225;"1.5.2";"D";"1";"1"
"1.5.2.03.0001";"TERRENOS CM ESP. ART 3 LEI 8200/91";1;1;2;5;226;"1.5.2.03";"D";"1";"1"
"1.5.2.03.0002";"EDIFICACOES CM ESP. ART 3 LEI 8200/91";1;1;2;5;227;"1.5.2.03";"D";"1";"1"
"1.5.2.03.0003";"BENFEITORIAS CM ESP. ART 3 LEI 8200/91";1;1;2;5;228;"1.5.2.03";"D";"1";"1"
"1.5.2.03.0004";"INSTALACOES CM ESP. ART 3 LEI 8200/91";1;1;2;5;229;"1.5.2.03";"D";"1";"1"
"1.5.2.03.0005";"MAQ. EQUIPAM. CM ESP. ART 3 LEI 8200/91";1;1;2;5;230;"1.5.2.03";"D";"1";"1"
"1.5.2.03.0006";"MOVEIS/UTENS. CM ESP. ART 3 LEI 8200/91";1;1;2;5;231;"1.5.2.03";"D";"1";"1"
"1.5.2.03.0007";"VEICULOS CM ESP. ART 3 LEI 8200/91";1;1;2;5;232;"1.5.2.03";"D";"1";"1"
"1.5.2.03.0008";"CONSORCIOS CM ESP. ART 3 LEI 8200/91";1;1;2;5;233;"1.5.2.03";"D";"1";"1"
"1.5.2.03.0009";"MAQUINARIOS CM ESP. ART 3 LEI 8200/91";1;1;2;5;234;"1.5.2.03";"D";"1";"1"
"1.5.2.03.0010";"EQ. COMUNIC. CM ESP. ART 3 LEI 8200/91";1;1;2;5;235;"1.5.2.03";"D";"1";"1"
"1.5.2.03.0011";"USO SOFTWARE CM ESP. ART 3 LEI 8200/91";1;1;2;5;236;"1.5.2.03";"D";"1";"1"
"1.5.2.03.0012";"USO TELEFONE CM ESP. ART 3 LEI 8200/91";1;1;2;5;237;"1.5.2.03";"D";"1";"1"
"1.5.2.03.0013";"EQ. INFORMAT. CM ESP. ART 3 LEI 8200/91";1;1;2;5;238;"1.5.2.03";"D";"1";"1"
"1.5.2.03.0014";"FERRAM./EQUIP CM ESP. ART 3 LEI 8200/91";1;1;2;5;239;"1.5.2.03";"D";"1";"1"
"1.5.2.04";"DEPREC.ACUMUL CM ESP. ART 3 LEI 8200/91";2;1;2;4;240;"1.5.2";"D";"1";"1"
"1.5.2.04.0002";"DEP.EDIFICAC. CM ESP. ART 3 LEI 8200/91";1;1;2;5;241;"1.5.2.04";"D";"1";"1"
"1.5.2.04.0003";"DEP.BENFEIT. CM ESP. ART 3 LEI 8200/91";1;1;2;5;242;"1.5.2.04";"D";"1";"1"
"1.5.2.04.0004";"DEP.INSTALAC. CM ESP. ART 3 LEI 8200/91";1;1;2;5;243;"1.5.2.04";"D";"1";"1"
"1.5.2.04.0005";"DEP.MAQ.EQUIP CM ESP. ART 3 LEI 8200/91";1;1;2;5;244;"1.5.2.04";"D";"1";"1"
"1.5.2.04.0006";"DEP.MOVEIS UTENS ESP. ART 3 LEI 8200/91";1;1;2;5;245;"1.5.2.04";"D";"1";"1"
"1.5.2.04.0007";"DEP.VEICULOS CM ESP. ART 3 LEI 8200/91";1;1;2;5;246;"1.5.2.04";"D";"1";"1"
"1.5.2.04.0009";"DEP.MAQUINAR. CM ESP. ART 3 LEI 8200/91";1;1;2;5;247;"1.5.2.04";"D";"1";"1"
"1.5.2.04.0010";"DEP.EQUIP.COMUN. ESP. ART 3 LEI 8200/91";1;1;2;5;248;"1.5.2.04";"D";"1";"1"
"1.5.2.04.0011";"DEP.USO SOFT CM ESP. ART 3 LEI 8200/91";1;1;2;5;249;"1.5.2.04";"D";"1";"1"
"1.5.2.04.0013";"DEP.EQ.INFORMAT. ESP. ART 3 LEI 8200/91";1;1;2;5;250;"1.5.2.04";"D";"1";"1"
"1.5.2.04.0014";"DEP. FERRAM.EQUIP ESP. ART 3 LEI 8200/91";1;1;2;5;251;"1.5.2.04";"D";"1";"1"
"1.5.3";"DIFERIDO";2;1;2;3;252;"1.5";"D";"1";"1"
"1.5.3.01";"GASTOS AMORTIZAVEIS";2;1;2;4;253;"1.5.3";"D";"1";"1"
"1.5.3.01.0001";"DESPESAS PRE-OPERACIONAIS";1;1;2;5;254;"1.5.3.01";"D";"1";"1"
"1.5.3.01.0002";"DESPESAS FINANCEIRAS DIFERIDAS";1;1;2;5;255;"1.5.3.01";"D";"1";"1"
"1.5.3.02";"AMORTIZACOES ACUMULADAS";2;1;2;4;256;"1.5.3";"D";"1";"1"
"1.5.3.02.0001";"AMORTIZ. DESPESAS PRE-OPERACIONAIS";1;1;2;5;257;"1.5.3.02";"D";"1";"1"
"1.5.3.02.0002";"AMORTIZ. DESPESAS FINANCEIRAS DIFERIDAS";1;1;2;5;258;"1.5.3.02";"D";"1";"1"
"1.5.4";"BENS INTANGIVEIS";2;1;2;3;259;"1.5";"D";"1";"1"
"1.5.4.01";"INTANGIVEL";2;1;2;4;260;"1.5.4";"D";"1";"1"
"1.5.4.01.0001";"DIREITO DE USO DE SOFTWARE";1;1;2;5;261;"1.5.4.01";"D";"1";"1"
"1.5.4.01.0002";"DIREITO DE USO DE TELEFONE";1;1;2;5;262;"1.5.4.01";"D";"1";"1"
"1.5.4.01.0003";"DIREITOS AUTORAIS";1;1;2;5;263;"1.5.4.01";"D";"1";"1"
"1.5.4.01.0004";"MARCAS E PATENTES";1;1;2;5;264;"1.5.4.01";"D";"1";"1"
"1.5.4.01.0005";"DIREITO DE USO DE MARCAS E PATENTES";1;1;2;5;265;"1.5.4.01";"D";"1";"1"
"1.5.4.02";"AMORTIZACAO INTANGIVEL";2;1;2;4;266;"1.5.4";"D";"1";"1"
"1.5.4.02.0001";"AMORTIZ. DE DIREITO DE USO DE SOFTWARE";1;1;2;5;267;"1.5.4.02";"D";"1";"1"
"1.5.4.02.0005";"AMORTIZ. DIREITO DE USO MARCAS PATENTES";1;1;2;5;268;"1.5.4.02";"D";"1";"1"
"2";"PASSIVO";2;1;1;1;269;"9";"C";"2";"2"
"2.1";"PASSIVO CIRCULANTE";2;1;1;2;270;"2";"C";"2";"2"
"2.1.1";"CONTAS A PAGAR";2;1;1;3;271;"2.1";"C";"2";"2"
"2.1.1.01";"FORNECEDORES";2;1;1;4;272;"2.1.1";"C";"2";"2"
"2.1.1.01.5000";"FORNECEDORES";1;1;1;5;273;"2.1.1.01";"C";"2";"2"
"2.1.1.01.5001";"FORNECEDORES ESTRANGEIROS";1;1;1;5;274;"2.1.1.01";"C";"2";"2"
"2.1.1.01.5002";"FORNECEDORES EXERCICIO ANTERIOR";1;1;1;5;275;"2.1.1.01";"C";"2";"2"
"2.1.1.01.5003";"FORNECEDOR DE MAT. PRIMA DIRETA - TECIDO";1;1;1;5;276;"2.1.1.01";"C";"2";"2"
"2.1.1.01.5004";"FORNECEDOR DE MAT. PRIMA DIRETA - TECIDO";1;1;1;5;277;"2.1.1.01";"C";"2";"2"
"2.1.1.01.5005";"FORNECEDOR DE  MAT. PRIMA DIRETA - FIO";1;1;1;5;278;"2.1.1.01";"C";"2";"2"
"2.1.1.01.5006";"FORNECEDOR DE  MAT. PRIMA DIRETA - FIO";1;1;1;5;279;"2.1.1.01";"C";"2";"2"
"2.1.1.01.5007";"FORNECEDOR DE MAT. PRIMA DIRETA";1;1;1;5;280;"2.1.1.01";"C";"2";"2"
"2.1.1.01.5008";"FORNECEDOR DE MAT. PRIMA DIRETA";1;1;1;5;281;"2.1.1.01";"C";"2";"2"
"2.1.1.01.5009";"FORNECEDOR DE MAT. PRIMA ";1;1;1;5;282;"2.1.1.01";"C";"2";"2"
"2.1.1.01.5010";"FORNECEDOR DE MAT. PRIMA ";1;1;1;5;283;"2.1.1.01";"C";"2";"2"
"2.1.1.01.5011";"FORNECEDOR DE EMBALAGEM";1;1;1;5;284;"2.1.1.01";"C";"2";"2"
"2.1.1.01.5012";"FORNECEDOR DE ETIQ. EXP. E LOG.";1;1;1;5;285;"2.1.1.01";"C";"2";"2"
"2.1.1.01.5013";"FORNECEDOR DE EMBALAGEM DIVERSAS ";1;1;1;5;286;"2.1.1.01";"C";"2";"2"
"2.1.1.01.5014";"FORNECEDOR DE EMBALAGEM LASA";1;1;1;5;287;"2.1.1.01";"C";"2";"2"
"2.1.1.01.5015";"FORNECEDOR DE EMBALAGEM RENNER";1;1;1;5;288;"2.1.1.01";"C";"2";"2"
"2.1.1.01.5016";"FORNECEDOR DE EMBALAGEM LEADER";1;1;1;5;289;"2.1.1.01";"C";"2";"2"
"2.1.1.01.5017";"FORNECEDOR DE EMBALAGEM CARREFOUR ";1;1;1;5;290;"2.1.1.01";"C";"2";"2"
"2.1.1.01.5018";"FORNECEDOR DE EMBALAGEM HAVAN";1;1;1;5;291;"2.1.1.01";"C";"2";"2"
"2.1.1.01.5019";"FORNECEDOR DE EMBALAGEM EXTRA";1;1;1;5;292;"2.1.1.01";"C";"2";"2"
"2.1.1.01.5020";"FORNECEDOR DE EMBALAGEM PERNAMBUCANAS";1;1;1;5;293;"2.1.1.01";"C";"2";"2"
"2.1.1.01.5021";"FORNECEDOR DE EMBALAGEM C&A";1;1;1;5;294;"2.1.1.01";"C";"2";"2"
"2.1.1.01.5022";"FORNECEDOR DE EMBALAGEM MARISA";1;1;1;5;295;"2.1.1.01";"C";"2";"2"
"2.1.1.01.5023";"FORNECEDOR DE EMBALAGEM WAL-MART";1;1;1;5;296;"2.1.1.01";"C";"2";"2"
"2.1.1.01.5024";"FORNECEDOR DE EMBALAGEM RIACHUELO";1;1;1;5;297;"2.1.1.01";"C";"2";"2"
"2.1.1.01.5025";"FORNECEDOR DE OLEOS OLEOS E COMBUSTIVEIS";1;1;1;5;298;"2.1.1.01";"C";"2";"2"
"2.1.1.01.5026";"FORNECEDOR DE MATERIAL DE CONSUMO";1;1;1;5;299;"2.1.1.01";"C";"2";"2"
"2.1.1.02";"IMPOSTOS E CONTRIBUICOES A RECOLHER";2;1;1;4;300;"2.1.1";"C";"2";"2"
"2.1.1.02.0040";"FGTS A RECOLHER";1;1;1;5;301;"2.1.1.02";"C";"2";"2"
"2.1.1.02.0025";"ICMS A RECOLHER";1;1;1;5;302;"2.1.1.02";"C";"2";"2"
"2.1.1.02.0011";"IRRF S/TRAB.ASSALARIADO A RECOLHER";1;1;1;5;303;"2.1.1.02";"C";"2";"2"
"2.1.1.02.0012";"IRRF S/PRO-LABORE A RECOLHER";1;1;1;5;304;"2.1.1.02";"C";"2";"2"
"2.1.1.02.0013";"IRRF S/TRAB.SEM VINCULO EMPREG. RECOLHER";1;1;1;5;305;"2.1.1.02";"C";"2";"2"
"2.1.1.02.0001";"PROVISAO P/IRPJ";1;1;1;5;306;"2.1.1.02";"C";"2";"2"
"2.1.1.02.0002";"PROVISAO P/CSLL";1;1;1;5;307;"2.1.1.02";"C";"2";"2"
"2.1.1.02.0020";"ISS A RECOLHER";1;1;1;5;308;"2.1.1.02";"C";"2";"2"
"2.1.1.02.0030";"IPI A RECOLHER";1;1;1;5;309;"2.1.1.02";"C";"2";"2"
"2.1.1.02.0045";"CONTRIBUICAO SINDICAL A RECOLHER";1;1;1;5;310;"2.1.1.02";"C";"2";"2"
"2.1.1.02.0021";"ISS RETIDO";1;1;1;5;311;"2.1.1.02";"C";"2";"2"
"2.1.1.02.0015";"IRRF S/SERV. PROFISSIONAIS – PJ RECOLHER";1;1;1;5;312;"2.1.1.02";"C";"2";"2"
"2.1.1.02.0035";"INSS A RECOLHER";1;1;1;5;313;"2.1.1.02";"C";"2";"2"
"2.1.1.02.0009";"COFINS A RECOLHER";1;1;1;5;314;"2.1.1.02";"C";"2";"2"
"2.1.1.02.0003";"IR S/ESTIMATIVA A RECOLHER";1;1;1;5;315;"2.1.1.02";"C";"2";"2"
"2.1.1.02.0004";"CS S/ESTIMATIVA A RECOLHER";1;1;1;5;316;"2.1.1.02";"C";"2";"2"
"2.1.1.02.0036";"INSS RETIDO NA FONTE A RECOLHER";1;1;1;5;317;"2.1.1.02";"C";"2";"2"
"2.1.1.02.0014";"IRRF S/ALUGUEIS A RECOLHER";1;1;1;5;318;"2.1.1.02";"C";"2";"2"
"2.1.1.02.0019";"IMPOSTO RETIDO A RECOLHER LEI 10.833/03";1;1;1;5;319;"2.1.1.02";"C";"2";"2"
"2.1.1.02.0060";"PARCELAMENTO DE IMPOSTO A RECOLHER";1;1;1;5;320;"2.1.1.02";"C";"2";"2"
"2.1.1.02.0061";"PARCELAMENTO ICMS";1;1;1;5;321;"2.1.1.02";"C";"2";"2"
"2.1.1.02.0081";"PARCELAMENTO ICMS REFIS - LEI 5647/2010";1;1;1;5;322;"2.1.1.02";"C";"2";"2"
"2.1.1.02.0010";"IMPOSTO SIMPLES A RECOLHER";1;1;1;5;323;"2.1.1.02";"C";"2";"2"
"2.1.1.02.0080";"REFIS A PAGAR - LEI 10.684/03";1;1;1;5;324;"2.1.1.02";"C";"2";"2"
"2.1.1.02.0008";"PIS A RECOLHER";1;1;1;5;325;"2.1.1.02";"C";"2";"2"
"2.1.1.02.0082";"PARCELAMENTO PREVIDENCIARIO";1;1;1;5;326;"2.1.1.02";"C";"2";"2"
"2.1.1.03";"EMPRESTIMO / FINANCIAMENTO - CURTO PRAZO";2;1;1;4;327;"2.1.1";"C";"2";"2"
"2.1.1.03.3005";"CONSORCIO A PAGAR";1;1;1;5;328;"2.1.1.03";"C";"2";"2"
"2.1.1.03.3006";"ENCARGOS FINANCEIROS A  APROPRIAR";1;1;1;5;329;"2.1.1.03";"C";"2";"2"
"2.1.1.03.0011";"GIRO PARCELADO ITAU C/C 09200-4";1;1;1;5;330;"2.1.1.03";"C";"2";"2"
"2.1.1.03.0012";"DEBITOS C/SOCIO B";1;1;1;5;331;"2.1.1.03";"C";"2";"2"
"2.1.1.03.0013";"DEBITOS C/SOCIO C";1;1;1;5;332;"2.1.1.03";"C";"2";"2"
"2.1.1.03.0001";"CAPITAL DE GIRO BRADESCO";1;1;1;5;333;"2.1.1.03";"C";"2";"2"
"2.1.1.03.0002";"FINANCIAMENTOS - CURTO PRAZO";1;1;1;5;334;"2.1.1.03";"C";"2";"2"
"2.1.1.03.0003";"EMRESTIMO BCO.VOTORANTIM";1;1;1;5;335;"2.1.1.03";"C";"2";"2"
"2.1.1.03.3001";"CTA.GARANTIA BRADESCO C/C 59000-2";1;1;1;5;336;"2.1.1.03";"C";"2";"2"
"2.1.1.03.3002";"CTA.GARANTIA BRADESCO C/C 1476-1";1;1;1;5;337;"2.1.1.03";"C";"2";"2"
"2.1.1.03.3003";"CTA.GARANTIA BANCO C";1;1;1;5;338;"2.1.1.03";"C";"2";"2"
"2.1.1.03.3004";"CTA.GARANTIA BANCO D";1;1;1;5;339;"2.1.1.03";"C";"2";"2"
"2.1.1.04";"REMUNERACOES A PAGAR";2;1;1;4;340;"2.1.1";"C";"2";"2"
"2.1.1.04.0001";"SALARIO A PAGAR";1;1;1;5;341;"2.1.1.04";"C";"2";"2"
"2.1.1.04.0005";"RESCISOES A PAGAR";1;1;1;5;342;"2.1.1.04";"C";"2";"2"
"2.1.1.04.0002";"PRO-LABORE A PAGAR";1;1;1;5;343;"2.1.1.04";"C";"2";"2"
"2.1.1.04.0020";"PROVISAO DE FERIAS";1;1;1;5;344;"2.1.1.04";"C";"2";"2"
"2.1.1.04.0021";"PROVISAO DE 13. SALARIO";1;1;1;5;345;"2.1.1.04";"C";"2";"2"
"2.1.1.04.0022";"ABONO DE PIS";1;1;1;5;346;"2.1.1.04";"C";"2";"2"
"2.1.1.04.0011";"PENSAO ALIMENTICIA A PAGAR";1;1;1;5;347;"2.1.1.04";"C";"2";"2"
"2.1.1.04.0003";"FERIAS A PAGAR";1;1;1;5;348;"2.1.1.04";"C";"2";"2"
"2.1.1.04.0006";"CONCILIACAO TRABALHISTA A PAGAR";1;1;1;5;349;"2.1.1.04";"C";"2";"2"
"2.1.1.04.0007";"RECLAMACAO TRABALHISTA A PAGAR";1;1;1;5;350;"2.1.1.04";"C";"2";"2"
"2.1.1.04.0023";"RPA A PAGAR";1;1;1;5;351;"2.1.1.04";"C";"2";"2"
"2.1.1.05";"CONTAS A PAGAR";2;1;1;4;352;"2.1.1";"C";"2";"2"
"2.1.1.05.0018";"DIREITO USO DE MARCAS PATENTES A PAGAR";1;1;1;5;353;"2.1.1.05";"C";"2";"2"
"2.1.1.05.0001";"HONORARIOS A PAGAR";1;1;1;5;354;"2.1.1.05";"C";"2";"2"
"2.1.1.05.0002";"TITULOS A PAGAR";1;1;1;5;355;"2.1.1.05";"C";"2";"2"
"2.1.1.05.0003";"PREMIO DE SEGUROS A PAGAR";1;1;1;5;356;"2.1.1.05";"C";"2";"2"
"2.1.1.05.0004";"ALUGUEIS A PAGAR";1;1;1;5;357;"2.1.1.05";"C";"2";"2"
"2.1.1.05.0005";"CONTAS A PAGAR";1;1;1;5;358;"2.1.1.05";"C";"2";"2"
"2.1.1.05.0015";"LUCROS A DISTRIBUIR";1;1;1;5;359;"2.1.1.05";"C";"2";"2"
"2.1.1.05.0016";"DIVIDENDOS PROPOSTOS";1;1;1;5;360;"2.1.1.05";"C";"2";"2"
"2.1.1.05.0017";"CARTAO EMPRESA A PAGAR";1;1;1;5;361;"2.1.1.05";"C";"2";"2"
"2.1.1.05.0099";"OUTRAS CONTAS A PAGAR";1;1;1;5;362;"2.1.1.05";"C";"2";"2"
"2.1.1.06";"ACERVO LIQUIDO DOS SOCIOS";2;1;1;4;363;"2.1.1";"C";"2";"2"
"2.1.1.06.0001";"SOCIO A C/CAPITAL";1;1;1;5;364;"2.1.1.06";"C";"2";"2"
"2.1.1.06.0002";"SOCIO B C/CAPITAL";1;1;1;5;365;"2.1.1.06";"C";"2";"2"
"2.1.1.09";"OUTRAS OBRIGACOES";2;1;1;4;366;"2.1.1";"C";"2";"2"
"2.1.1.09.0001";"OBRIGACOES S/VALORES EM CONSIGNACAO";1;1;1;5;367;"2.1.1.09";"C";"2";"2"
"2.1.1.09.0007";"BENS EM COMODATO";1;1;1;5;368;"2.1.1.09";"C";"2";"2"
"2.1.2";"RESULTADOS DE EXERCICIO FUTUROS";2;1;1;3;369;"2.1";"C";"2";"2"
"2.1.2.01";"RESULT. ANTECIPADO DE EXERCICIO FUTUROS";2;1;1;4;370;"2.1.2";"C";"2";"2"
"2.1.2.01.0001";"RECEITAS DE EXERCICIOS FUTUROS";1;1;1;5;371;"2.1.2.01";"C";"2";"2"
"2.1.2.01.0002";"CUSTOS DE EXERCICIOS FUTUROS";1;1;1;5;372;"2.1.2.01";"C";"2";"2"
"2.2";"EXIGIVEL A LONGO PRAZO";2;1;1;2;373;"2";"C";"2";"2"
"2.2.1";"DEBITOS A LONGO PRAZO";2;1;1;3;374;"2.2";"C";"2";"2"
"2.2.1.01";"DEBITOS C/PESSOAS LIGADAS - PF/PJ";2;1;1;4;375;"2.2.1";"C";"2";"2"
"2.2.1.01.0001";"DEBITOS C/COLIGADAS / CONTROLADAS";1;1;1;5;376;"2.2.1.01";"C";"2";"2"
"2.2.1.01.0002";"DEBITOS C/EMPRESAS DO GRUPO";1;1;1;5;377;"2.2.1.01";"C";"2";"2"
"2.2.1.01.0011";"DEBITOS C/SOCIO A";1;1;1;5;378;"2.2.1.01";"C";"2";"2"
"2.2.1.01.0012";"DEBITOS C/SOCIO B";1;1;1;5;379;"2.2.1.01";"C";"2";"2"
"2.2.1.01.0013";"DEBITOS C/SOCIO C";1;1;1;5;380;"2.2.1.01";"C";"2";"2"
"2.2.1.02";"EMPRESTIMO/FINANCIAMENTO A LONGO PRAZO";2;1;1;4;381;"2.2.1";"C";"2";"2"
"2.2.1.02.0001";"FINANCIAMENTO A LONGO PRAZO";1;1;1;5;382;"2.2.1.02";"C";"2";"2"
"2.2.1.02.0002";"CAPITAL DE GIRO BRADESCO";1;1;1;5;383;"2.2.1.02";"C";"2";"2"
"2.4";"PATRIMONIO LIQUIDO";2;1;1;2;384;"2";"C";"2";"2"
"2.4.1";"CAPITAL SOCIAL SUBSC. E INTREGALIZADO";2;1;1;3;385;"2.4";"C";"2";"2"
"2.4.1.01";"CAPITAL SOCIAL";2;1;1;4;386;"2.4.1";"C";"2";"2"
"2.4.1.01.0001";"CAPITAL SOCIAL SUBSCRITO";1;1;1;5;387;"2.4.1.01";"C";"2";"2"
"2.4.1.01.0002";"CAPITAL SOCIAL A INTREGALIZAR";1;1;1;5;388;"2.4.1.01";"C";"2";"2"
"2.4.2";"RESERVAS";2;1;1;3;389;"2.4";"C";"2";"2"
"2.4.2.01";"RESERVAS DE CAPITAL";2;1;1;4;390;"2.4.2";"C";"2";"2"
"2.4.2.01.0001";"CORRECAO MONETARIA DE CAPITAL";1;1;1;5;391;"2.4.2.01";"C";"2";"2"
"2.4.2.01.0002";"RESERVAS P/AUMENTO DO CAPITAL";1;1;1;5;392;"2.4.2.01";"C";"2";"2"
"2.4.2.02";"RESERVAS DE REAVALIACAO";2;1;1;4;393;"2.4.2";"C";"2";"2"
"2.4.2.02.0001";"RESERVAS DE REAVALIACAO DO IMOBILIZADO";1;1;1;5;394;"2.4.2.02";"C";"2";"2"
"2.4.2.03";"RESERVAS DE LUCRO";2;1;1;4;395;"2.4.2";"C";"2";"2"
"2.4.2.03.0001";"LUCROS ACUMULADOS";1;1;1;5;396;"2.4.2.03";"C";"2";"2"
"2.4.2.03.0002";"PREJUIZOS ACUMULADOS";1;1;1;5;397;"2.4.2.03";"C";"2";"2"
"2.4.2.03.0003";"RESULTADO DO EXERCICIO";1;1;1;5;398;"2.4.2.03";"C";"2";"2"
"2.4.2.03.0010";"LUCRO DISTRIBUIDO";1;1;1;5;399;"2.4.2.03";"C";"2";"2"
"2.4.2.03.0005";"RESULTADO DO EXERCICIO - 1. TRIMESTRE";1;1;1;5;400;"2.4.2.03";"C";"2";"2"
"2.4.2.03.0006";"RESULTADO DO EXERCICIO - 2. TRIMESTRE";1;1;1;5;401;"2.4.2.03";"C";"2";"2"
"2.4.2.03.0007";"RESULTADO DO EXERCICIO - 3. TRIMESTRE";1;1;1;5;402;"2.4.2.03";"C";"2";"2"
"2.4.2.03.0008";"RESULTADO DO EXERCICIO - 4. TRIMESTRE";1;1;1;5;403;"2.4.2.03";"C";"2";"2"
"2.4.2.03.0020";"RESERVA LEGAL";1;1;1;5;404;"2.4.2.03";"C";"2";"2"
"2.4.2.03.0021";"RESERVA ESTATURARIA";1;1;1;5;405;"2.4.2.03";"C";"2";"2"
"2.4.2.03.0098";"SD DEVEDOR CM ESP. ART.3. LEI 8200/91";1;1;1;5;406;"2.4.2.03";"C";"2";"2"
"2.4.2.03.0099";"SD CREDOR CM ESP. ART.3. LEI 8200/91";1;1;1;5;407;"2.4.2.03";"C";"2";"2"
"3";"DESPESAS";2;2;1;1;408;"9";"C";"3";"3"
"3.1";"DESPESAS OPERACIONAIS";2;2;1;2;409;"3";"C";"3";"3"
"3.1.1";"DESPESAS OPERACIONAIS";2;2;1;3;410;"3.1";"C";"3";"3"
"3.1.1.01";"CUSTO DAS MERCADORIAS /PRODUTOS VENDIDOS";2;2;1;4;411;"3.1.1";"C";"3";"3"
"3.1.1.01.0003";"MATERIA PRIMA";1;2;1;5;412;"3.1.1.01";"C";"3";"3"
"3.1.1.01.0001";"MERCADORIAS";1;2;1;5;413;"3.1.1.01";"C";"3";"3"
"3.1.1.01.0002";"PRODUTOS";1;2;1;5;414;"3.1.1.01";"C";"3";"3"
"3.1.1.02";"DESPESAS C/PESSOAL";2;2;1;4;415;"3.1.1";"C";"3";"3"
"3.1.1.02.0012";"ACOES TRABALHISTAS";1;2;1;5;416;"3.1.1.02";"C";"3";"3"
"3.1.1.02.0020";"AUXILIO CRECHE";1;2;1;5;417;"3.1.1.02";"C";"3";"3"
"3.1.1.02.0001";"RETIRADAS PRO-LABORE";1;2;1;5;418;"3.1.1.02";"C";"3";"3"
"3.1.1.02.0002";"ORDENADOS E SALARIOS";1;2;1;5;419;"3.1.1.02";"C";"3";"3"
"3.1.1.02.0003";"FERIAS";1;2;1;5;420;"3.1.1.02";"C";"3";"3"
"3.1.1.02.0004";"13. SALARIO";1;2;1;5;421;"3.1.1.02";"C";"3";"3"
"3.1.1.02.0005";"GRATIF.";1;2;1;5;422;"3.1.1.02";"C";"3";"3"
"3.1.1.02.0006";"ABONOS E DISSIDIOS";1;2;1;5;423;"3.1.1.02";"C";"3";"3"
"3.1.1.02.0007";"AVISO PREVIO / INDENIZACAO";1;2;1;5;424;"3.1.1.02";"C";"3";"3"
"3.1.1.02.0008";"SALARIO EDUCACAO";1;2;1;5;425;"3.1.1.02";"C";"3";"3"
"3.1.1.02.0009";"ASSIST. MEDICA";1;2;1;5;426;"3.1.1.02";"C";"3";"3"
"3.1.1.02.0010";"AUXILIO ALIMENTACAO";1;2;1;5;427;"3.1.1.02";"C";"3";"3"
"3.1.1.02.0011";"VALE TRANSPORTE";1;2;1;5;428;"3.1.1.02";"C";"3";"3"
"3.1.1.03";"ENCARGOS SOCIAIS";2;2;1;4;429;"3.1.1";"C";"3";"3"
"3.1.1.03.0001";"INSS";1;2;1;5;430;"3.1.1.03";"C";"3";"3"
"3.1.1.03.0002";"FGTS";1;2;1;5;431;"3.1.1.03";"C";"3";"3"
"3.1.1.04";"DESPESAS GERAIS";2;2;1;4;432;"3.1.1";"C";"3";"3"
"3.1.1.04.0021";"CONSELHOS PROFISSIONAIS E ASSOCIACÔES";1;2;1;5;433;"3.1.1.04";"C";"3";"3"
"3.1.1.04.0001";"AGUA";1;2;1;5;434;"3.1.1.04";"C";"3";"3"
"3.1.1.04.0023";"DESPESAS C/TREINAMENTO";1;2;1;5;435;"3.1.1.04";"C";"3";"3"
"3.1.1.04.0012";"ALUGUEIS DE BENS MOVEIS";1;2;1;5;436;"3.1.1.04";"C";"3";"3"
"3.1.1.04.0024";"EDITAIS";1;2;1;5;437;"3.1.1.04";"C";"3";"3"
"3.1.1.04.0002";"LUZ E FORCA";1;2;1;5;438;"3.1.1.04";"C";"3";"3"
"3.1.1.04.0025";"ASSINATURAS";1;2;1;5;439;"3.1.1.04";"C";"3";"3"
"3.1.1.04.0014";"CONDUCAO E TRANSPORTES";1;2;1;5;440;"3.1.1.04";"C";"3";"3"
"3.1.1.04.0003";"GAS";1;2;1;5;441;"3.1.1.04";"C";"3";"3"
"3.1.1.04.0026";"DEPRECIACOES E AMORTIZACOES";1;2;1;5;442;"3.1.1.04";"C";"3";"3"
"3.1.1.04.0007";"TELEFONES";1;2;1;5;443;"3.1.1.04";"C";"3";"3"
"3.1.1.04.0015";"DESPESAS C/VEICULOS";1;2;1;5;444;"3.1.1.04";"C";"3";"3"
"3.1.1.04.0018";"DESPESAS DE VIAGENS E HOSPEDAGENS";1;2;1;5;445;"3.1.1.04";"C";"3";"3"
"3.1.1.04.0100";"DESPESAS C/ REPRESENTACOES";1;2;1;5;446;"3.1.1.04";"C";"3";"3"
"3.1.1.04.0101";"DESPESAS C/ FESTAS";1;2;1;5;447;"3.1.1.04";"C";"3";"3"
"3.1.1.04.0099";"DESPESAS DIVERSAS";1;2;1;5;448;"3.1.1.04";"C";"3";"3"
"3.1.1.04.0004";"ALUGUEIS PJ";1;2;1;5;449;"3.1.1.04";"C";"3";"3"
"3.1.1.04.0027";"IMPRESSOS";1;2;1;5;450;"3.1.1.04";"C";"3";"3"
"3.1.1.04.0019";"LANCHES E REFEICOES";1;2;1;5;451;"3.1.1.04";"C";"3";"3"
"3.1.1.04.0008";"MATERIAL DE CONSUMO";1;2;1;5;452;"3.1.1.04";"C";"3";"3"
"3.1.1.04.0028";"BENS NAO IMOBILIZADOS";1;2;1;5;453;"3.1.1.04";"C";"3";"3"
"3.1.1.04.0010";"SERVICOS DE TERCEIROS PF";1;2;1;5;454;"3.1.1.04";"C";"3";"3"
"3.1.1.04.0011";"SERVICOS DE TERCEIROS PJ";1;2;1;5;455;"3.1.1.04";"C";"3";"3"
"3.1.1.04.0029";"SEGUROS";1;2;1;5;456;"3.1.1.04";"C";"3";"3"
"3.1.1.04.0013";"FRETES E CARRETOS";1;2;1;5;457;"3.1.1.04";"C";"3";"3"
"3.1.1.04.0005";"ALUGUEIS PF";1;2;1;5;458;"3.1.1.04";"C";"3";"3"
"3.1.1.04.0006";"CONDOMINIOS E CORRELATOS";1;2;1;5;459;"3.1.1.04";"C";"3";"3"
"3.1.1.04.0030";"UNIFORMES E EPI";1;2;1;5;460;"3.1.1.04";"C";"3";"3"
"3.1.1.04.0009";"MANUTENCAO MAQ. / EQUIP.";1;2;1;5;461;"3.1.1.04";"C";"3";"3"
"3.1.1.04.0016";"DESPESAS C/PEDAGIO / ESTACIONAMENTO";1;2;1;5;462;"3.1.1.04";"C";"3";"3"
"3.1.1.04.0031";"CORREIOS E MALOTES";1;2;1;5;463;"3.1.1.04";"C";"3";"3"
"3.1.1.04.0032";"LOCACAO DE MAO-DE-OBRA";1;2;1;5;464;"3.1.1.04";"C";"3";"3"
"3.1.1.04.0033";"DESPESAS C/IMPORTACAO";1;2;1;5;465;"3.1.1.04";"C";"3";"3"
"3.1.1.04.0020";"CARTORIOS E CUSTOS";1;2;1;5;466;"3.1.1.04";"C";"3";"3"
"3.1.1.04.0051";"CARTELAS DE BINGO";1;2;1;5;467;"3.1.1.04";"C";"3";"3"
"3.1.1.04.0052";"COMBUSTIVEIS E LUBRIFICANTES";1;2;1;5;468;"3.1.1.04";"C";"3";"3"
"3.1.1.04.0050";"LEASING DESPESA ";1;2;1;5;469;"3.1.1.04";"C";"3";"3"
"3.1.1.05";"DESPESAS TRIBUTARIAS E PARAFISCAIS";2;2;1;4;470;"3.1.1";"C";"3";"3"
"3.1.1.05.0001";"IMPOSTO DE RENDA - PESSOA JURIDICA";1;2;1;5;471;"3.1.1.05";"C";"3";"3"
"3.1.1.05.0002";"CONTRIBUICAO SOCIAL";1;2;1;5;472;"3.1.1.05";"C";"3";"3"
"3.1.1.05.0004";"IPI";1;2;1;5;473;"3.1.1.05";"C";"3";"3"
"3.1.1.05.0008";"IPTU";1;2;1;5;474;"3.1.1.05";"C";"3";"3"
"3.1.1.05.0011";"ICMS SUBST.TRIBUT.";1;2;1;5;475;"3.1.1.05";"C";"3";"3"
"3.1.1.05.0012";"ICMS DIF. ALIQUOTA";1;2;1;5;476;"3.1.1.05";"C";"3";"3"
"3.1.1.05.0013";"ICMS IMPORTACAO";1;2;1;5;477;"3.1.1.05";"C";"3";"3"
"3.1.1.05.0010";"CONTRIBUICAO SINDICAL";1;2;1;5;478;"3.1.1.05";"C";"3";"3"
"3.1.1.05.0009";"LICENCAS";1;2;1;5;479;"3.1.1.05";"C";"3";"3"
"3.1.1.05.0007";"IOF";1;2;1;5;480;"3.1.1.05";"C";"3";"3"
"3.1.1.05.0006";"CPMF";1;2;1;5;481;"3.1.1.05";"C";"3";"3"
"3.1.1.05.0005";"IR PAGO NA FONTE";1;2;1;5;482;"3.1.1.05";"C";"3";"3"
"3.1.1.06";"DESPESAS C/VENDAS";2;2;1;4;483;"3.1.1";"C";"3";"3"
"3.1.1.06.0003";"PROMOTORAS";1;2;1;5;484;"3.1.1.06";"C";"3";"3"
"3.1.1.06.0001";"PROPAGANDA";1;2;1;5;485;"3.1.1.06";"C";"3";"3"
"3.1.1.06.0002";"COMISSOES E CORRETAGENS";1;2;1;5;486;"3.1.1.06";"C";"3";"3"
"3.1.1.07";"DESPESAS FINANCEIRAS";2;2;1;4;487;"3.1.1";"C";"3";"3"
"3.1.1.07.0070";"DESPESAS DE FACTORING";1;2;1;5;488;"3.1.1.07";"C";"3";"3"
"3.1.1.07.0001";"JUROS PASSIVOS";1;2;1;5;489;"3.1.1.07";"C";"3";"3"
"3.1.1.07.0002";"JUROS";1;2;1;5;490;"3.1.1.07";"C";"3";"3"
"3.1.1.07.0003";"VARIACOES MONETARIAS PASSIVAS";1;2;1;5;491;"3.1.1.07";"C";"3";"3"
"3.1.1.07.0004";"DESPESAS E COMISSOES BANCARIAS";1;2;1;5;492;"3.1.1.07";"C";"3";"3"
"3.1.1.07.0005";"DESCONTOS CONCEDIDOS";1;2;1;5;493;"3.1.1.07";"C";"3";"3"
"3.1.1.07.0006";"VARIACAO CAMBIAL PASSIVA";1;2;1;5;494;"3.1.1.07";"C";"3";"3"
"3.5";"DESPESAS NAO OPERACIONAIS";2;2;1;2;495;"3";"C";"3";"3"
"3.5.1";"DESPESAS NAO OPERACIONAIS";2;2;1;3;496;"3.5";"C";"3";"3"
"3.5.1.01";"DESPESAS NAO DEDUTIVEIS";2;2;1;4;497;"3.5.1";"C";"3";"3"
"3.5.1.01.0003";"VALORES INSCRITOS NA DIVIDA ATIVA";1;2;1;5;498;"3.5.1.01";"C";"3";"3"
"3.5.1.01.0004";"DOACAO";1;2;1;5;499;"3.5.1.01";"C";"3";"3"
"3.5.1.01.0005";"RESULT.NEGATIVO EQUIVAL. PATRIM.";1;2;1;5;500;"3.5.1.01";"C";"3";"3"
"3.5.1.01.0001";"MULTAS E INFRACOES FISCAIS";1;2;1;5;501;"3.5.1.01";"C";"3";"3"
"3.5.1.01.0002";"MULTAS DE TRANSITO";1;2;1;5;502;"3.5.1.01";"C";"3";"3"
"3.5.1.01.0010";"IMPOSTOS EM ATRASO";1;2;1;5;503;"3.5.1.01";"C";"3";"3"
"3.5.1.01.0099";"OUTRAS DESPESAS NAO DEDUTIVEIS";1;2;1;5;504;"3.5.1.01";"C";"3";"3"
"3.5.1.01.0100";"CUSTAS JUDICIAIS";1;2;1;5;505;"3.5.1.01";"C";"3";"3"
"3.5.2";"OUTRAS DESPESAS NAO OPERACIONAIS";2;2;1;3;506;"3.5";"C";"3";"3"
"3.5.2.01";"DESPESAS NAO OPERACIONAIS DIVERSAS";2;2;1;4;507;"3.5.2";"C";"3";"3"
"3.5.2.01.0001";"PREJUIZO NA BAIXA DE BENS";1;2;1;5;508;"3.5.2.01";"C";"3";"3"
"3.5.2.01.0002";"PERDAS S/APLICACOES FINANCEIRAS";1;2;1;5;509;"3.5.2.01";"C";"3";"3"
"3.5.2.01.0009";"AJUSTES DEVEDORES";1;2;1;5;510;"3.5.2.01";"C";"3";"3"
"4";"RECEITAS";2;2;2;1;511;"9";"D";"4";"4"
"4.1";"RECEITAS OPERACIONAIS";2;2;2;2;512;"4";"D";"4";"4"
"4.1.1";"RECEITAS OPERACIONAIS";2;2;2;3;513;"4.1";"D";"4";"4"
"4.1.1.01";"RECEITAS DE VENDAS";2;2;2;4;514;"4.1.1";"D";"4";"4"
"4.1.1.01.0001";"VENDAS DE PRODUTOS";1;2;2;5;515;"4.1.1.01";"D";"4";"4"
"4.1.1.01.0002";"VENDA DE MERCADORIAS";1;2;2;5;516;"4.1.1.01";"D";"4";"4"
"4.1.1.01.0008";"VENDA TRANSPORTE";1;2;2;5;517;"4.1.1.01";"D";"4";"4"
"4.1.1.01.0005";"VENDA DE IMOVEIS";1;2;2;5;518;"4.1.1.01";"D";"4";"4"
"4.1.1.01.0003";"VENDA DE OLEOS E COMBUSTIVEIS";1;2;2;5;519;"4.1.1.01";"D";"4";"4"
"4.1.1.01.0004";"VENDA DE SERVICOS";1;2;2;5;520;"4.1.1.01";"D";"4";"4"
"4.1.1.01.0009";"SERVICO DE TRANSPORTE";1;2;2;5;521;"4.1.1.01";"D";"4";"4"
"4.1.2";"DEDUCOES DA RECEITA";2;2;2;3;522;"4.1";"D";"4";"4"
"4.1.2.01";"IMPOSTOS S/VENDAS";2;2;2;4;523;"4.1.2";"D";"4";"4"
"4.1.2.01.0003";"PIS S/VENDAS";1;2;2;5;524;"4.1.2.01";"D";"4";"4"
"4.1.2.01.0004";"COFINS S/VENDAS";1;2;2;5;525;"4.1.2.01";"D";"4";"4"
"4.1.2.01.0001";"ICMS S/VENDAS";1;2;2;5;526;"4.1.2.01";"D";"4";"4"
"4.1.2.01.0002";"ISS";1;2;2;5;527;"4.1.2.01";"D";"4";"4"
"4.1.2.01.0009";"IMPOSTO SIMPLES";1;2;2;5;528;"4.1.2.01";"D";"4";"4"
"4.1.2.02";"DEDUCOES S/VENDAS";2;2;2;4;529;"4.1.2";"D";"4";"4"
"4.1.2.02.0001";"VENDAS CANCELADAS E DEVOLUCOES";1;2;2;5;530;"4.1.2.02";"D";"4";"4"
"4.1.2.02.0002";"DESCONTOS INCONDICIONAIS";1;2;2;5;531;"4.1.2.02";"D";"4";"4"
"4.2";"RECEITAS NAO OPERACIONAIS EXTRAORDINARIA";2;2;2;2;532;"4";"D";"4";"4"
"4.2.1";"RECEITAS NAO OPERACIONAIS";2;2;2;3;533;"4.2";"D";"4";"4"
"4.2.1.01";"RECEITAS FINANCEIRAS";2;2;2;4;534;"4.2.1";"D";"4";"4"
"4.2.1.01.0001";"DESCONTOS OBTIDOS";1;2;2;5;535;"4.2.1.01";"D";"4";"4"
"4.2.1.01.0002";"GANHOS S/APLICACOES FINANCEIRAS";1;2;2;5;536;"4.2.1.01";"D";"4";"4"
"4.2.1.01.0003";"JUROS ATIVOS";1;2;2;5;537;"4.2.1.01";"D";"4";"4"
"4.2.1.01.0004";"VARIACOES MONETARIAS ATIVAS";1;2;2;5;538;"4.2.1.01";"D";"4";"4"
"4.2.1.01.0005";"DIVIDENDOS RECEBIDOS";1;2;2;5;539;"4.2.1.01";"D";"4";"4"
"4.2.1.01.0006";"VARIACAO CAMBIAL ATIVA";1;2;2;5;540;"4.2.1.01";"D";"4";"4"
"4.2.1.02";"OUTRAS RECEITAS NAO OPERACIONAIS";2;2;2;4;541;"4.2.1";"D";"4";"4"
"4.2.1.02.0007";"RECEITA ALIENACAO DE BENS ATIVO IMOBILI";1;2;2;5;542;"4.2.1.02";"D";"4";"4"
"4.2.1.02.9999";"ENCERRAMENTO SIMULADO PARA ANALISE";1;2;2;5;543;"4.2.1.02";"D";"4";"4"
"4.2.1.02.0005";"RECEITA DE ALUGUEL";1;2;2;5;544;"4.2.1.02";"D";"4";"4"
"4.2.1.02.0001";"GANHOS NA BAIXA DE IMOBILIZADO";1;2;2;5;545;"4.2.1.02";"D";"4";"4"
"4.2.1.02.0002";"CUSTOS RECUPERAVEIS";1;2;2;5;546;"4.2.1.02";"D";"4";"4"
"4.2.1.02.0004";"GANHO DE EQUIVAL. PATRIM. S/INVESTIMENTO";1;2;2;5;547;"4.2.1.02";"D";"4";"4"
"4.2.1.02.0003";"RENDAS EVENTUAIS";1;2;2;5;548;"4.2.1.02";"D";"4";"4"
"4.2.1.02.0009";"AJUSTES CREDORES";1;2;2;5;549;"4.2.1.02";"D";"4";"4"
"4.2.1.02.0006";"BONIFICACAO";1;2;2;5;550;"4.2.1.02";"D";"4";"4"
"5";"APURACAO DE RESULTADO";2;2;2;1;551;"9";"D";"5";"5"
"5.1";"EXERCICIO CORRENTE";2;2;2;2;552;"5";"D";"5";"5"
"5.1.1";"APURACAO DE EXERCICIO";2;2;2;3;553;"5.1";"D";"5";"5"
"5.1.1.01";"CONTAS TRANSITORIAS";2;2;2;4;554;"5.1.1";"D";"5";"5"
"5.1.1.01.0001";"RESULTADO DE TRANSACOES EVENTUAIS";1;2;2;5;555;"5.1.1.01";"D";"5";"5"
"5.1.1.01.0002";"CONTAS DE RESULTADO";1;2;2;5;556;"5.1.1.01";"D";"5";"5"
"5.1.1.01.0003";"IRRF A COMPENSAR";1;2;2;5;557;"5.1.1.01";"D";"5";"5"
"5.1.1.01.0004";"OPERACOES A CLASSIFICAR";1;2;2;5;558;"5.1.1.01";"D";"5";"5"
"5.1.1.01.0005";"RESULTADO DE CONVERSAO";1;2;2;5;559;"5.1.1.01";"D";"5";"5"
"5.1.1.01.0006";"RESULTADO DE DEFLACAO";1;2;2;5;560;"5.1.1.01";"D";"5";"5"
"5.1.1.01.0007";"RESULTADO DO EXERCICIO ";1;2;2;5;561;"5.1.1.01";"D";"5";"5"
